<?xml version="1.0" encoding="UTF-8" standalone="yes"?>
<addon id="repository.equilibrium" name="Equilibrium Repository" version="0.1.16" provider-name="Team Magusplay">
	<extension point="xbmc.addon.repository" name="Equilibrium Repository">
		<dir>
	        <info compressed="false">https://raw.githubusercontent.com/Equilibriumtv/equilibriumtv.github.io/master/addons.xml</info>
	        <checksum>https://raw.githubusercontent.com/Equilibriumtv/equilibriumtv.github.io/master/addons.xml.md5</checksum>
	        <datadir zip="true">https://raw.githubusercontent.com/Equilibriumtv/equilibriumtv.github.io/master/zips/</datadir>
		</dir>
		<dir>
			<info compressed="false">https://raw.github.com/Equilibriumtv/equilibriumtv.github.io/master/addons.xml</info>
			<checksum>https://raw.github.com/Equilibriumtv/equilibriumtv.github.io/master/addons.xml.md5</checksum>
			<datadir zip="true">https://raw.github.com/Equilibriumtv/equilibriumtv.github.io/master/zips/</datadir>
		</dir>
        <dir>
            <info compressed="false">https://raw.githubusercontent.com/Goldenfreddy0703/repository.otaku/master/repo/zips/addons.xml</info>
            <checksum>https://raw.githubusercontent.com/Goldenfreddy0703/repository.otaku/master/repo/zips/addons.xml.md5</checksum>
            <datadir zip="true">https://raw.githubusercontent.com/Goldenfreddy0703/repository.otaku/master/repo/zips/</datadir>
        </dir>
	</extension>
	<extension point="xbmc.addon.metadata">
		<summary>Complementos de terceiros para Kodi</summary>
		<description>Magusplay Addons Repository</description>
		<platform>all</platform>
	    <assets>
      		<icon>icon.png</icon>
    	</assets> 
	</extension>
</addon>
