<?xml version="1.0" encoding="UTF-8" standalone="yes"?>
<addon id="program.optiklean" name="OptiKlean" provider-name="DigiTalking" version="1.1.1">
    <requires>
        <import addon="xbmc.python" version="3.0.0"/>
    </requires>
    <extension point="xbmc.python.pluginsource" library="default.py">
        <provides>executable</provides>
    </extension>
	<extension point="xbmc.service" library="service.py" />
    <extension point="xbmc.addon.metadata">
        <platform>all</platform>
        <license>MIT</license>
        <source>https://gitlab.com/personal4143605/optiklean</source>
        <summary lang="pt_BR">Limpe e otimize o utilitário Kodi.</summary>
        <description lang="pt_BR">Ferramenta avançada para realizar vários tipos de limpeza e otimização do Kodi.</description>
        <assets>
            <icon>resources/media/icon.jpg</icon>
            <fanart>resources/media/fanart.jpg</fanart>
        </assets>
    </extension>
</addon>