<?xml version="1.0" encoding="UTF-8"?>
<addon id="plugin.video.f4mTester" version="0.1.50" name="f4mTester" provider-name="Team Magusplay">
    <requires>
        <import addon="xbmc.python" version="3.0.0"/>
        <import addon="inputstream.ffmpegdirect"/>
    </requires>
    <extension point="xbmc.service" library="service.py" start="startup"/>
    <extension point="xbmc.python.pluginsource" library="default.py">
        <provides>video</provides>
    </extension>  
    <extension point="xbmc.addon.metadata">
        <summary lang="en">f4mTester Oficial Addons da Familia Equilibrium</summary>
        <description></description>
        <platform>all</platform>
        <assets>
			<icon>icon.png</icon>
		</assets>
    </extension>
</addon>