<?xml version="1.0" encoding="UTF-8" standalone="yes"?>
<addon id="script.encripty.equilibrium" name="Encrypt add-on equilibrium" version="0.1.5" provider-name="Team Magusplay">
    <requires>
        <import addon="script.module.six"/>
        <import addon="script.module.kodi-six"/>
    </requires>
    <extension point="xbmc.python.script" library="default.py"/>
    <extension point="xbmc.addon.metadata">
        <summary lang="pt">Encrypt add-on</summary>
        <description lang="pt">O complemento Encrypt equilibrium é um complemento para criptografar scripts em Python.</description>
        <platform>all</platform>
        <license>Licença Pública Geral GNU. Versão 1, 12 de junho de 2022.</license>
        <disclaimer>O autor deste complemento não hospeda nenhum dos conteúdos encontrados e não possui qualquer vínculo com os provedores de conteúdo. Este complemento simplesmente busca conteúdo em sites.</disclaimer>
        <assets>
            <icon>icon.png</icon>
            <fanart>fanart.jpg</fanart>
        </assets>
    </extension>
</addon>
