<?xml version="1.0" encoding="UTF-8" standalone="yes"?>
<addon id="plugin.video.equilibrium" name="Equilibrium" version="0.1.76" provider-name="Team Magusplay">
  <extension point="xbmc.python.pluginsource"
			library="default.py">
		<provides>video</provides>
  </extension>
  <extension point="xbmc.addon.metadata">
	<summary lang="pt">[COLOR white]Este addon não vende nem fornece ou armazena qualquer conteúdo ilegal[/COLOR] </summary>
	<language>pt</language>
	<description lang="pt">[COLOR lime]Addon compátivel com o  kodi 19+[/COLOR]</description>
	<platform>all</platform>
	<assets>
		<icon>icon.png</icon>
		<fanart>fanart.jpg</fanart>
	</assets>
  </extension>
</addon>