<?xml version="1.0" encoding="UTF-8" standalone="yes"?>
<addon id="plugin.video.elysium" name="Elysium" version="0.1.32" provider-name="Team Magusplay">
	<requires>
		<import addon="script.module.requests" version="2.27.1"/>
	</requires>
  <extension point="xbmc.python.pluginsource"
			library="default.py">
		<provides>video</provides>
  </extension>
  <extension point="xbmc.addon.metadata">
	<summary lang="br">[COLOR white]Este addon não vende nem fornece ou armazena qualquer conteúdo ilegal[/COLOR]</summary>
	<language>br</language>
	<description lang="br">[COLOR blue]AVISO IMPORTANTE! ATIVE SUPORTE F4M NAS CONFIGURAÇÕES PARA TRANSMISSÕES AO VIVO[/COLOR]</description>
	<platform>all</platform>
	<assets>
		<icon>icon.png</icon>
		<fanart>fanart.jpg</fanart>
	</assets>
  </extension>
</addon>