<?xml version="1.0" encoding="UTF-8"?>
<window id="1112">
	<defaultcontrol always="true">100</defaultcontrol>
	<include>Animation_DialogPopupOpenClose</include>
	<depth>DepthDialog+</depth>
	<controls>
		<control type="group">
			<height>1000</height>
			<centertop>50%</centertop>
			<centerleft>50%</centerleft>
			<width>1200</width>
			<include content="DialogBackgroundCommons">
				<param name="header_label" value="Welcome to Nimbus" />
				<param name="header_id" value="1" />
			</include>
			<control type="textbox" id="9">
				<left>0</left>
				<top>100</top>
				<width>1200</width>
				<height>1000</height>
				<textcolor>darkgrey</textcolor>
				<font>font32_title</font>
				<label>Nimbus é um tema leve e focado em arte que pode ser personalizado para atender a diversos gostos.[CR][CR]Após clicar em OK no botão abaixo, navegue até as configurações do tema para configurar os itens/widgets do menu principal e personalizar o tema ao seu gosto. Cada configuração possui um pequeno texto explicativo na parte inferior da tela para ajudar você a entender como ela funciona e o que faz. Você encontrará outras configurações/opções de configuração no painel Opções de visualização nas janelas de vídeo.[CR][CR]Além de definir o tipo de visualização, você pode personalizar o estilo da arte, o logo transparente e a arte utilizada. Observe que as visualizações são bloqueadas automaticamente; portanto, sempre que você definir uma visualização, ela será bloqueada para o tipo de conteúdo exibido no painel Opções de visualização.[CR][CR]Você também pode definir diferentes artes/opções para diferentes tipos de conteúdo (filmes, séries, etc.), pois o Nimbus memorizará suas preferências para cada tipo de conteúdo nas janelas de vídeo e na tela inicial.[CR][CR]Se precisar acessar esta tela de boas-vindas novamente, você pode fazê-lo em Configurações do tema » Extras.</label>
				<autoscroll time="3000" delay="4000" repeat="5000">true</autoscroll>
			</control>
			<control type="button" id="100">
				<visible>!Skin.HasSetting(firsttimerun)</visible>
				<centerleft>50%</centerleft>
				<top>870</top>
				<width>300</width>
				<height>100</height>
				<label>OK</label>
				<font>font25_title</font>
				<textoffsetx>20</textoffsetx>
				<textoffsety>33</textoffsety>
				<onclick>Skin.Setbool(firsttimerun)</onclick>
				<onclick>back</onclick>
				<onclick>RunScript(script.nimbus.helper,mode=remake_all_cpaths)</onclick>
				<align>center</align>
				<aligny>left</aligny>
				<texturefocus border="40" colordiffuse="$VAR[FocusColorTheme]">buttons/dialogbutton-fo.png</texturefocus>
				<texturenofocus border="40" colordiffuse="button_focus2">buttons/dialogbutton-nofo.png</texturenofocus>
			</control>
		</control>
	</controls>
</window>
