<?xml version="1.0" encoding="UTF-8" standalone="yes"?>
  <addon 
  id="repository.equilibrium" 
  name="Repositório equilibrium" 
  version="0.1.18" 
  provider-name="Team Magusplay">
  <requires>
    <import addon="xbmc.addon" version="12.0.0"/>  
  </requires>
  <extension point="xbmc.addon.repository" name="Repositório equilibrium">
      <dir>
      <info compressed="true">https://raw.githubusercontent.com/Equilibriumtv/equilibriumtv.github.io/master/addons.xml</info>
      <checksum>https://raw.githubusercontent.com/Equilibriumtv/equilibriumtv.github.io/master/addons.xml.md5</checksum>
      <datadir zip="true">https://raw.githubusercontent.com/Equilibriumtv/equilibriumtv.github.io/master/</datadir>
      <hashes>false</hashes>
  </dir>  
  <dir minversion="19.0.0">
      <info compressed="true">https://raw.githubusercontent.com/Equilibriumtv/equilibriumtv.github.io/master/matrix/addons.xml</info>
      <checksum>https://raw.githubusercontent.com/Equilibriumtv/equilibriumtv.github.io/master/matrix/addons.xml.md5</checksum>
      <datadir zip="true">https://raw.githubusercontent.com/Equilibriumtv/equilibriumtv.github.io/master/matrix</datadir>
      <hashes>false</hashes>
  </dir>    
  </extension>
  <extension point="xbmc.addon.metadata">
    <summary>Repositorio Oficial Equilibrium</summary>
    <description>Repositorio oficial Addon Team Magusplay - Proibido reprodução sem previa autorizacao</description>
    <disclaimer></disclaimer>
    <platform>all</platform>
    <assets>
      <icon>icon.png</icon>
      <fanart>fanart.jpg</fanart>
    </assets>
  </extension>
</addon>
