<?xml version="1.0" encoding="UTF-8" standalone="yes"?>
<addon id="plugin.video.elysium"
       name="Elysium"
       version="0.1.46"
       provider-name="Team Magusplay">
    <requires>
        <import addon="xbmc.python" version="3.0.0"/>
        <import addon="script.module.requests"/>
    </requires>
    <extension point="xbmc.python.pluginsource" library="main.py">
        <provides>video</provides>
    </extension>
    <extension point="xbmc.addon.metadata">
        <summary>Addon para TV, Filmes, Series, EPG e Busca Global</summary>
        <description>Host Remoto, usuario e senha para acessar canais, VOD, series com temporadas/episodios, EPG e busca global.</description>
        <platform>all</platform>
        <license>GPL-2.0-or-later</license>
        <disclaimer>Elysium, um addon para Kodi que permite acesso a conteudo de IPTV.</disclaimer>
        <assets>
            <icon>icon.png</icon>
            <fanart>fanart.jpg</fanart>
        </assets>
    </extension>
</addon>