<?xml version="1.0" encoding="UTF-8" standalone="yes"?>
<addon id="plugin.video.secrethub" name="Secret Hub" version="0.1.18" provider-name="Team Mgusplay">
	<requires>
		<import addon="script.module.requests" version="2.27.1"/>
        <import addon="script.module.simplejson" />
        <import addon="script.module.six" />
        <import addon="script.module.kodi-six" />
		<import addon="script.module.beautifulsoup4"/>
	</requires>
  <extension point="xbmc.python.pluginsource"
			library="default.py">
		<provides>video</provides>
  </extension>
  <extension point="xbmc.addon.metadata">
	<summary lang="br">Este addon é um complemento de conteúdo adulto</summary>
	<language>br</language>
	<description lang="br">Secret Hub vesão 2026</description>
	<platform>all</platform>
	<assets>
		<icon>icon.png</icon>
		<fanart>fanart.jpg</fanart>
	</assets>
  </extension>
</addon>
