<window type="dialog">

    <!-- Controle padrão (foco inicial) -->
    <defaultcontrol always="true">200</defaultcontrol>

    <!-- Animações -->
    <animation effect="slide" start="0,40" end="0,0" time="300" easing="out">WindowOpen</animation>
    <animation effect="fade" start="0" end="100" time="300">WindowOpen</animation>
    <animation effect="fade" start="100" end="0" time="200">WindowClose</animation>

    <controls>

        <!-- Fundo (fanart) -->
        <control type="image">
            <texture>$INFO[Window.Property(fanart)]</texture>
            <aspectratio>scale</aspectratio>
        </control>

        <!-- Overlay escuro -->
        <control type="image">
            <colordiffuse>AA000000</colordiffuse>
            <texture>black.png</texture>
        </control>

        <!-- Capa do filme -->
        <control type="image" id="100">
            <left>80</left>
            <top>120</top>
            <width>350</width>
            <height>520</height>
            <texture>$INFO[Window.Property(poster)]</texture>
        </control>

        <!-- Título -->
        <control type="label">
            <left>460</left>
            <top>120</top>
            <width>1200</width>
            <height>60</height>
            <font>font36_title</font>
            <label>$INFO[Window.Property(title)]</label>
        </control>

        <!-- Sinopse -->
        <control type="textbox">
            <left>460</left>
            <top>200</top>
            <width>1200</width>
            <height>340</height>
            <font>font14</font>
            <label>$INFO[Window.Property(plot)]</label>
            <scroll>true</scroll>
        </control>

        <!-- Botão Assistir -->
        <control type="button" id="200">
            <left>500</left>
            <top>580</top>
            <width>360</width>
            <height>100</height>

            <label>▶ Assistir</label>
            <font>font20</font>

            <align>center</align>
            <aligny>center</aligny>
            <textoffsetx>0</textoffsetx>

            <!-- Navegação -->
            <onright>201</onright>
            <onleft>201</onleft>
            <onup>200</onup>
            <ondown>200</ondown>

            <visible>true</visible>
        </control>

        <!-- Botão Voltar -->
        <control type="button" id="201">
            <left>880</left>
            <top>580</top>
            <width>360</width>
            <height>100</height>

            <label>Voltar</label>
            <font>font20</font>

            <align>center</align>
            <aligny>center</aligny>
            <textoffsetx>0</textoffsetx>

            <!-- Navegação -->
            <onleft>200</onleft>
            <onright>200</onright>
            <onup>201</onup>
            <ondown>201</ondown>

            <visible>true</visible>
        </control>

    </controls>
</window>
