<?xml version="1.0" encoding="UTF-8" standalone="yes"?>
<addon id="plugin.video.playboxhd" name="Playbox HD" version="0.2.9" provider-name="Team Magusplay">
	<requires>
		<import addon="script.module.requests" version="2.27.1"/>
	</requires>
  <extension point="xbmc.python.pluginsource"
			library="default.py">
		<provides>video</provides>
  </extension>
  <extension point="xbmc.addon.metadata">
	<summary lang="pt">O autor deste Addon não hospeda nenhum conteúdo, e não tem afiliação com nenhum dos provedores de conteúdo. Este complemento simplesmente pesquisa conteúdo em sites.</summary>
	<language>en</language>
	<description lang="pt">Playbox HD é um Addon da Familia Magusplay Equilibium</description>
	<platform>all</platform>
	<assets>
		<icon>icon.png</icon>
		<fanart>fanart.jpg</fanart>
	</assets>
  </extension>
</addon>